"id","name","source","link","credentials","conversationId"
"10b152c7-9a09-4fc1-9bca-fc4b62e7839b","AI_C3ai_10-Q_December-2022.pdf","CORPUS","gs://trg-d-i0523dsollms-chatapp-corpus-files/C3ai/AI_C3ai_10-Q_December-2022.pdf","CLOUD_STORAGE_CREDENTIALS",""
"9cf52e72-f763-4fc5-8ed8-3dd3c41bb87e","AI_C3ai_10-Q_March-2021.pdf","CORPUS","gs://trg-d-i0523dsollms-chatapp-corpus-files/C3ai/AI_C3ai_10-Q_March-2021.pdf","CLOUD_STORAGE_CREDENTIALS",""
"f5402b43-8e9e-4f11-b90f-3b6686248285","AI_C3ai_10-Q_March-2022.pdf","CORPUS","gs://trg-d-i0523dsollms-chatapp-corpus-files/C3ai/AI_C3ai_10-Q_March-2022.pdf","CLOUD_STORAGE_CREDENTIALS",""
"7114b2b9-4ca4-45bf-ba40-b8954406fe03","AI_C3ai_10-Q_March-2023.pdf","CORPUS","gs://trg-d-i0523dsollms-chatapp-corpus-files/C3ai/AI_C3ai_10-Q_March-2023.pdf","CLOUD_STORAGE_CREDENTIALS",""
"f3befe19-4d8a-4947-9e3c-6513d2cb7d61","AI_C3ai_10-Q_September-2021.pdf","CORPUS","gs://trg-d-i0523dsollms-chatapp-corpus-files/C3ai/AI_C3ai_10-Q_September-2021.pdf","CLOUD_STORAGE_CREDENTIALS",""
"a7d40ff6-c928-4ab9-b9a6-09b24b4feaac","AI_C3ai_10-Q_September-2022.pdf","CORPUS","gs://trg-d-i0523dsollms-chatapp-corpus-files/C3ai/AI_C3ai_10-Q_September-2022.pdf","CLOUD_STORAGE_CREDENTIALS",""
"6ea00dbf-934f-438d-9cdd-1a5655720c61","AI_C3ai_10-Q_September-2023.pdf","CORPUS","gs://trg-d-i0523dsollms-chatapp-corpus-files/C3ai/AI_C3ai_10-Q_September-2023.pdf","CLOUD_STORAGE_CREDENTIALS",""
"20f0ca10-42c5-4c92-8819-1a6863457cef","AI_C3ai_Earnings-Call-Transcript_Q1-2018.txt","CORPUS","gs://trg-d-i0523dsollms-chatapp-corpus-files/C3ai/AI_C3ai_Earnings-Call-Transcript_Q1-2018.txt","CLOUD_STORAGE_CREDENTIALS",""
"f96ddea8-f6c0-40f2-8d8e-77c9639a1606","AI_C3ai_Earnings-Call-Transcript_Q1-2019.txt","CORPUS","gs://trg-d-i0523dsollms-chatapp-corpus-files/C3ai/AI_C3ai_Earnings-Call-Transcript_Q1-2019.txt","CLOUD_STORAGE_CREDENTIALS",""
"8e3266a6-d4f6-4a09-9082-aea7317bdbc3","AI_C3ai_Earnings-Call-Transcript_Q1-2020.txt","CORPUS","gs://trg-d-i0523dsollms-chatapp-corpus-files/C3ai/AI_C3ai_Earnings-Call-Transcript_Q1-2020.txt","CLOUD_STORAGE_CREDENTIALS",""
"ec5d1673-391f-4df9-a4da-d493efcb2a1c","AI_C3ai_Earnings-Call-Transcript_Q1-2022.txt","CORPUS","gs://trg-d-i0523dsollms-chatapp-corpus-files/C3ai/AI_C3ai_Earnings-Call-Transcript_Q1-2022.txt","CLOUD_STORAGE_CREDENTIALS",""
"00685600-b303-47c7-92b5-48bcb33be235","AI_C3ai_Earnings-Call-Transcript_Q1-2023.txt","CORPUS","gs://trg-d-i0523dsollms-chatapp-corpus-files/C3ai/AI_C3ai_Earnings-Call-Transcript_Q1-2023.txt","CLOUD_STORAGE_CREDENTIALS",""
"d11da188-ec0e-46bb-9b2e-2fd89ac2870f","AI_C3ai_Earnings-Call-Transcript_Q2-2018.txt","CORPUS","gs://trg-d-i0523dsollms-chatapp-corpus-files/C3ai/AI_C3ai_Earnings-Call-Transcript_Q2-2018.txt","CLOUD_STORAGE_CREDENTIALS",""
"47814c5b-6002-4a47-9e6b-c77b53a263d4","AI_C3ai_Earnings-Call-Transcript_Q2-2019.txt","CORPUS","gs://trg-d-i0523dsollms-chatapp-corpus-files/C3ai/AI_C3ai_Earnings-Call-Transcript_Q2-2019.txt","CLOUD_STORAGE_CREDENTIALS",""
"7fadd5ba-9fd4-4322-88eb-cdb637503c4e","AI_C3ai_Earnings-Call-Transcript_Q2-2020.txt","CORPUS","gs://trg-d-i0523dsollms-chatapp-corpus-files/C3ai/AI_C3ai_Earnings-Call-Transcript_Q2-2020.txt","CLOUD_STORAGE_CREDENTIALS",""
"2b60ef0c-d135-414f-a25a-0523b0500f87","AI_C3ai_Earnings-Call-Transcript_Q2-2022.txt","CORPUS","gs://trg-d-i0523dsollms-chatapp-corpus-files/C3ai/AI_C3ai_Earnings-Call-Transcript_Q2-2022.txt","CLOUD_STORAGE_CREDENTIALS",""
"b7d02006-2ac2-4889-bf7a-1c6d75ea17cd","AI_C3ai_Earnings-Call-Transcript_Q2-2023.txt","CORPUS","gs://trg-d-i0523dsollms-chatapp-corpus-files/C3ai/AI_C3ai_Earnings-Call-Transcript_Q2-2023.txt","CLOUD_STORAGE_CREDENTIALS",""
"5a29c146-6b8b-44ae-961c-88c86e05647d","AI_C3ai_Earnings-Call-Transcript_Q3-2018.txt","CORPUS","gs://trg-d-i0523dsollms-chatapp-corpus-files/C3ai/AI_C3ai_Earnings-Call-Transcript_Q3-2018.txt","CLOUD_STORAGE_CREDENTIALS",""
"dd684bef-b332-46d3-ba22-a9c142839dea","AI_C3ai_Earnings-Call-Transcript_Q3-2019.txt","CORPUS","gs://trg-d-i0523dsollms-chatapp-corpus-files/C3ai/AI_C3ai_Earnings-Call-Transcript_Q3-2019.txt","CLOUD_STORAGE_CREDENTIALS",""
"a1030625-bbe3-409d-9610-6e83d6cc9a35","AI_C3ai_Earnings-Call-Transcript_Q3-2021.txt","CORPUS","gs://trg-d-i0523dsollms-chatapp-corpus-files/C3ai/AI_C3ai_Earnings-Call-Transcript_Q3-2021.txt","CLOUD_STORAGE_CREDENTIALS",""
"68d4c305-92fc-40bb-9052-35ef462bb39b","AI_C3ai_Earnings-Call-Transcript_Q3-2022.txt","CORPUS","gs://trg-d-i0523dsollms-chatapp-corpus-files/C3ai/AI_C3ai_Earnings-Call-Transcript_Q3-2022.txt","CLOUD_STORAGE_CREDENTIALS",""
"3d7327d0-6704-417e-8dda-c488d409e0c6","AI_C3ai_Earnings-Call-Transcript_Q3-2023.txt","CORPUS","gs://trg-d-i0523dsollms-chatapp-corpus-files/C3ai/AI_C3ai_Earnings-Call-Transcript_Q3-2023.txt","CLOUD_STORAGE_CREDENTIALS",""
"7a19b144-693c-411b-b2be-d9de664f83b9","AI_C3ai_Earnings-Call-Transcript_Q4-2018.txt","CORPUS","gs://trg-d-i0523dsollms-chatapp-corpus-files/C3ai/AI_C3ai_Earnings-Call-Transcript_Q4-2018.txt","CLOUD_STORAGE_CREDENTIALS",""
"29e7c3da-6947-469a-9caf-1082876579b8","AI_C3ai_Earnings-Call-Transcript_Q4-2019.txt","CORPUS","gs://trg-d-i0523dsollms-chatapp-corpus-files/C3ai/AI_C3ai_Earnings-Call-Transcript_Q4-2019.txt","CLOUD_STORAGE_CREDENTIALS",""
"282da8bf-ea97-4384-b7f8-2c5be104c0c5","AI_C3ai_Earnings-Call-Transcript_Q4-2021.txt","CORPUS","gs://trg-d-i0523dsollms-chatapp-corpus-files/C3ai/AI_C3ai_Earnings-Call-Transcript_Q4-2021.txt","CLOUD_STORAGE_CREDENTIALS",""
"8208b25e-7ebb-4dc7-9ad0-960d288e6ec2","AI_C3ai_Earnings-Call-Transcript_Q4-2022.txt","CORPUS","gs://trg-d-i0523dsollms-chatapp-corpus-files/C3ai/AI_C3ai_Earnings-Call-Transcript_Q4-2022.txt","CLOUD_STORAGE_CREDENTIALS",""
"48a13b3e-1a7e-458e-bffd-341e06bfc586","AI_C3ai_Earnings-Call-Transcript_Q4-2023.txt","CORPUS","gs://trg-d-i0523dsollms-chatapp-corpus-files/C3ai/AI_C3ai_Earnings-Call-Transcript_Q4-2023.txt","CLOUD_STORAGE_CREDENTIALS",""
"0132aece-b06f-4925-b44d-fae79129886f","AI_C3ai_S-1_November-2020.pdf","CORPUS","gs://trg-d-i0523dsollms-chatapp-corpus-files/C3ai/AI_C3ai_S-1_November-2020.pdf","CLOUD_STORAGE_CREDENTIALS",""
"1a1b5527-01e1-484d-9f44-5c955ac9e76a","FICO_Fair Isaac_Earnings-Call-Transcript_Q1-2018.txt","CORPUS","gs://trg-d-i0523dsollms-chatapp-corpus-files/Fair Isaac/FICO_Fair Isaac_Earnings-Call-Transcript_Q1-2018.txt","CLOUD_STORAGE_CREDENTIALS",""
"83407239-a9dd-48a0-a70e-86243b517cd2","FICO_Fair Isaac_Earnings-Call-Transcript_Q1-2019.txt","CORPUS","gs://trg-d-i0523dsollms-chatapp-corpus-files/Fair Isaac/FICO_Fair Isaac_Earnings-Call-Transcript_Q1-2019.txt","CLOUD_STORAGE_CREDENTIALS",""
"49eaf058-f7ba-4fa9-b442-d33dda0035af","FICO_Fair Isaac_Earnings-Call-Transcript_Q1-2020.txt","CORPUS","gs://trg-d-i0523dsollms-chatapp-corpus-files/Fair Isaac/FICO_Fair Isaac_Earnings-Call-Transcript_Q1-2020.txt","CLOUD_STORAGE_CREDENTIALS",""
"7ae408eb-c275-4df5-b016-c097966b373e","FICO_Fair Isaac_Earnings-Call-Transcript_Q1-2021.txt","CORPUS","gs://trg-d-i0523dsollms-chatapp-corpus-files/Fair Isaac/FICO_Fair Isaac_Earnings-Call-Transcript_Q1-2021.txt","CLOUD_STORAGE_CREDENTIALS",""
"8cdcf03b-7e99-49be-8a56-c590445fea3f","FICO_Fair Isaac_Earnings-Call-Transcript_Q1-2022.txt","CORPUS","gs://trg-d-i0523dsollms-chatapp-corpus-files/Fair Isaac/FICO_Fair Isaac_Earnings-Call-Transcript_Q1-2022.txt","CLOUD_STORAGE_CREDENTIALS",""
"7273de40-d25e-4e51-810f-a7f4e8c2183d","FICO_Fair Isaac_Earnings-Call-Transcript_Q1-2023.txt","CORPUS","gs://trg-d-i0523dsollms-chatapp-corpus-files/Fair Isaac/FICO_Fair Isaac_Earnings-Call-Transcript_Q1-2023.txt","CLOUD_STORAGE_CREDENTIALS",""
"97ab2011-06c1-41ff-9082-0fb5468d665c","FICO_Fair Isaac_Earnings-Call-Transcript_Q2-2018.txt","CORPUS","gs://trg-d-i0523dsollms-chatapp-corpus-files/Fair Isaac/FICO_Fair Isaac_Earnings-Call-Transcript_Q2-2018.txt","CLOUD_STORAGE_CREDENTIALS",""
"92073948-b2b7-4145-ae7e-37371cb9b83a","FICO_Fair Isaac_Earnings-Call-Transcript_Q2-2019.txt","CORPUS","gs://trg-d-i0523dsollms-chatapp-corpus-files/Fair Isaac/FICO_Fair Isaac_Earnings-Call-Transcript_Q2-2019.txt","CLOUD_STORAGE_CREDENTIALS",""
"f323359a-f3de-49e1-ac18-ffba9b23904e","FICO_Fair Isaac_Earnings-Call-Transcript_Q2-2020.txt","CORPUS","gs://trg-d-i0523dsollms-chatapp-corpus-files/Fair Isaac/FICO_Fair Isaac_Earnings-Call-Transcript_Q2-2020.txt","CLOUD_STORAGE_CREDENTIALS",""
"d54d72d0-16a3-497e-8adf-b6119b7633c9","FICO_Fair Isaac_Earnings-Call-Transcript_Q2-2021.txt","CORPUS","gs://trg-d-i0523dsollms-chatapp-corpus-files/Fair Isaac/FICO_Fair Isaac_Earnings-Call-Transcript_Q2-2021.txt","CLOUD_STORAGE_CREDENTIALS",""
"6a31ed63-0402-4661-9631-a3b245bb4252","FICO_Fair Isaac_Earnings-Call-Transcript_Q2-2022.txt","CORPUS","gs://trg-d-i0523dsollms-chatapp-corpus-files/Fair Isaac/FICO_Fair Isaac_Earnings-Call-Transcript_Q2-2022.txt","CLOUD_STORAGE_CREDENTIALS",""
"683b348d-a301-48fe-acfa-9f1a8f4c856b","FICO_Fair Isaac_Earnings-Call-Transcript_Q2-2023.txt","CORPUS","gs://trg-d-i0523dsollms-chatapp-corpus-files/Fair Isaac/FICO_Fair Isaac_Earnings-Call-Transcript_Q2-2023.txt","CLOUD_STORAGE_CREDENTIALS",""
"0428d52d-3281-4a53-9d3a-ccff0043e674","FICO_Fair Isaac_Earnings-Call-Transcript_Q3-2018.txt","CORPUS","gs://trg-d-i0523dsollms-chatapp-corpus-files/Fair Isaac/FICO_Fair Isaac_Earnings-Call-Transcript_Q3-2018.txt","CLOUD_STORAGE_CREDENTIALS",""
"b58e4de4-f7f6-4dd8-a384-979b76fc3072","FICO_Fair Isaac_Earnings-Call-Transcript_Q3-2019.txt","CORPUS","gs://trg-d-i0523dsollms-chatapp-corpus-files/Fair Isaac/FICO_Fair Isaac_Earnings-Call-Transcript_Q3-2019.txt","CLOUD_STORAGE_CREDENTIALS",""
"52326fbc-007f-4ec0-8da2-d4db4b1317a8","FICO_Fair Isaac_Earnings-Call-Transcript_Q3-2020.txt","CORPUS","gs://trg-d-i0523dsollms-chatapp-corpus-files/Fair Isaac/FICO_Fair Isaac_Earnings-Call-Transcript_Q3-2020.txt","CLOUD_STORAGE_CREDENTIALS",""
"6d39c109-425d-4798-b38c-222964c0f494","FICO_Fair Isaac_Earnings-Call-Transcript_Q3-2021.txt","CORPUS","gs://trg-d-i0523dsollms-chatapp-corpus-files/Fair Isaac/FICO_Fair Isaac_Earnings-Call-Transcript_Q3-2021.txt","CLOUD_STORAGE_CREDENTIALS",""
"788cd77f-aa76-4bc8-aa0a-8b8b8f89021f","FICO_Fair Isaac_Earnings-Call-Transcript_Q3-2022.txt","CORPUS","gs://trg-d-i0523dsollms-chatapp-corpus-files/Fair Isaac/FICO_Fair Isaac_Earnings-Call-Transcript_Q3-2022.txt","CLOUD_STORAGE_CREDENTIALS",""
"a6bd5290-1cef-4772-8fb7-cde868877e46","FICO_Fair Isaac_Earnings-Call-Transcript_Q3-2023.txt","CORPUS","gs://trg-d-i0523dsollms-chatapp-corpus-files/Fair Isaac/FICO_Fair Isaac_Earnings-Call-Transcript_Q3-2023.txt","CLOUD_STORAGE_CREDENTIALS",""
"aecd1ceb-7c0c-480d-bc35-7335ae7b4bca","FICO_Fair Isaac_Earnings-Call-Transcript_Q4-2018.txt","CORPUS","gs://trg-d-i0523dsollms-chatapp-corpus-files/Fair Isaac/FICO_Fair Isaac_Earnings-Call-Transcript_Q4-2018.txt","CLOUD_STORAGE_CREDENTIALS",""
"56f2cc52-a607-4746-b365-3e95093df210","FICO_Fair Isaac_Earnings-Call-Transcript_Q4-2019.txt","CORPUS","gs://trg-d-i0523dsollms-chatapp-corpus-files/Fair Isaac/FICO_Fair Isaac_Earnings-Call-Transcript_Q4-2019.txt","CLOUD_STORAGE_CREDENTIALS",""
"bafc819b-38d9-4e91-905d-54257511dfa4","FICO_Fair Isaac_Earnings-Call-Transcript_Q4-2020.txt","CORPUS","gs://trg-d-i0523dsollms-chatapp-corpus-files/Fair Isaac/FICO_Fair Isaac_Earnings-Call-Transcript_Q4-2020.txt","CLOUD_STORAGE_CREDENTIALS",""
"6ccb7a11-3fd6-4240-ad8f-f79b58aefc56","FICO_Fair Isaac_Earnings-Call-Transcript_Q4-2021.txt","CORPUS","gs://trg-d-i0523dsollms-chatapp-corpus-files/Fair Isaac/FICO_Fair Isaac_Earnings-Call-Transcript_Q4-2021.txt","CLOUD_STORAGE_CREDENTIALS",""
"2191cf8a-0315-4d41-a0bb-ef1823ad4bd4","FICO_Fair Isaac_Earnings-Call-Transcript_Q4-2022.txt","CORPUS","gs://trg-d-i0523dsollms-chatapp-corpus-files/Fair Isaac/FICO_Fair Isaac_Earnings-Call-Transcript_Q4-2022.txt","CLOUD_STORAGE_CREDENTIALS",""
"6599e437-3ead-4ee7-a69f-b483901a071a","FICO_FairIsaac_10-K_November-2018.pdf.pdf","CORPUS","gs://trg-d-i0523dsollms-chatapp-corpus-files/Fair Isaac/FICO_FairIsaac_10-K_November-2018.pdf.pdf","CLOUD_STORAGE_CREDENTIALS",""
"056cac96-7af0-47b9-990c-d87c4da271f0","FICO_FairIsaac_10-K_November-2019.pdf.pdf","CORPUS","gs://trg-d-i0523dsollms-chatapp-corpus-files/Fair Isaac/FICO_FairIsaac_10-K_November-2019.pdf.pdf","CLOUD_STORAGE_CREDENTIALS",""
"032921ef-fd1d-46b5-822b-93f69bad0bdd","FICO_FairIsaac_10-K_November-2020.pdf.pdf","CORPUS","gs://trg-d-i0523dsollms-chatapp-corpus-files/Fair Isaac/FICO_FairIsaac_10-K_November-2020.pdf.pdf","CLOUD_STORAGE_CREDENTIALS",""
"0ac13dfe-5f73-490c-aae8-c611c56e6866","FICO_FairIsaac_10-K_November-2021.pdf.pdf","CORPUS","gs://trg-d-i0523dsollms-chatapp-corpus-files/Fair Isaac/FICO_FairIsaac_10-K_November-2021.pdf.pdf","CLOUD_STORAGE_CREDENTIALS",""
"6e686315-627b-4edb-83e7-5304081811fe","FICO_FairIsaac_10-K_November-2022.pdf.pdf","CORPUS","gs://trg-d-i0523dsollms-chatapp-corpus-files/Fair Isaac/FICO_FairIsaac_10-K_November-2022.pdf.pdf","CLOUD_STORAGE_CREDENTIALS",""
"bc51be89-6065-47ef-b3be-27613ac1a8b3","HSTM_HealthStream_10-K_February-2019.pdf.pdf","CORPUS","gs://trg-d-i0523dsollms-chatapp-corpus-files/HealthStream/HSTM_HealthStream_10-K_February-2019.pdf.pdf","CLOUD_STORAGE_CREDENTIALS",""
"7cac3953-54d5-4c1a-8420-d7cd8a931fc3","HSTM_HealthStream_10-K_February-2020.pdf.pdf","CORPUS","gs://trg-d-i0523dsollms-chatapp-corpus-files/HealthStream/HSTM_HealthStream_10-K_February-2020.pdf.pdf","CLOUD_STORAGE_CREDENTIALS",""
"6a092586-d4f0-4767-a3fb-ce61d4f9d427","HSTM_HealthStream_10-K_February-2021.pdf.pdf","CORPUS","gs://trg-d-i0523dsollms-chatapp-corpus-files/HealthStream/HSTM_HealthStream_10-K_February-2021.pdf.pdf","CLOUD_STORAGE_CREDENTIALS",""
"a8746485-1a73-48ad-aa98-68f8edf1f059","HSTM_HealthStream_10-K_February-2022.pdf.pdf","CORPUS","gs://trg-d-i0523dsollms-chatapp-corpus-files/HealthStream/HSTM_HealthStream_10-K_February-2022.pdf.pdf","CLOUD_STORAGE_CREDENTIALS",""
"07f9cd02-9fbd-41a0-b1e6-db89c193d549","HSTM_HealthStream_10-K_February-2023.pdf.pdf","CORPUS","gs://trg-d-i0523dsollms-chatapp-corpus-files/HealthStream/HSTM_HealthStream_10-K_February-2023.pdf.pdf","CLOUD_STORAGE_CREDENTIALS",""
"964825b8-23d4-476b-be74-4cfcfa955a1e","HSTM_HealthStream_10-Q_April-2019.pdf.pdf","CORPUS","gs://trg-d-i0523dsollms-chatapp-corpus-files/HealthStream/HSTM_HealthStream_10-Q_April-2019.pdf.pdf","CLOUD_STORAGE_CREDENTIALS",""
"4050c5fc-6002-435b-9edd-97657ee67421","HSTM_HealthStream_10-Q_April-2020.pdf.pdf","CORPUS","gs://trg-d-i0523dsollms-chatapp-corpus-files/HealthStream/HSTM_HealthStream_10-Q_April-2020.pdf.pdf","CLOUD_STORAGE_CREDENTIALS",""
"ccf46418-2ea0-462f-8ac2-70f3e2c610f2","NCNO_nCino_Earnings-Call-Transcript_Q1-2023.txt","CORPUS","gs://trg-d-i0523dsollms-chatapp-corpus-files/nCino/NCNO_nCino_Earnings-Call-Transcript_Q1-2023.txt","CLOUD_STORAGE_CREDENTIALS",""
"67515276-9890-4161-9501-990da8330cac","NCNO_nCino_Earnings-Call-Transcript_Q2-2021.txt","CORPUS","gs://trg-d-i0523dsollms-chatapp-corpus-files/nCino/NCNO_nCino_Earnings-Call-Transcript_Q2-2021.txt","CLOUD_STORAGE_CREDENTIALS",""
"aee6a30d-c314-4579-91ad-708efc35dd95","NCNO_nCino_Earnings-Call-Transcript_Q2-2022.txt","CORPUS","gs://trg-d-i0523dsollms-chatapp-corpus-files/nCino/NCNO_nCino_Earnings-Call-Transcript_Q2-2022.txt","CLOUD_STORAGE_CREDENTIALS",""
"bb172264-d04f-4e3e-ab84-2b380dc6f966","HSTM_HealthStream_10-Q_April-2021.pdf.pdf","CORPUS","gs://trg-d-i0523dsollms-chatapp-corpus-files/HealthStream/HSTM_HealthStream_10-Q_April-2021.pdf.pdf","CLOUD_STORAGE_CREDENTIALS",""
"40b3042e-333e-4245-8344-aacc4b18f573","HSTM_HealthStream_10-Q_April-2022.pdf.pdf","CORPUS","gs://trg-d-i0523dsollms-chatapp-corpus-files/HealthStream/HSTM_HealthStream_10-Q_April-2022.pdf.pdf","CLOUD_STORAGE_CREDENTIALS",""
"5a2d76b9-7da6-4302-989d-1e4dff4c78ac","HSTM_HealthStream_10-Q_April-2023.pdf.pdf","CORPUS","gs://trg-d-i0523dsollms-chatapp-corpus-files/HealthStream/HSTM_HealthStream_10-Q_April-2023.pdf.pdf","CLOUD_STORAGE_CREDENTIALS",""
"4208ed1b-0280-4002-8782-2a5d984ed000","HSTM_HealthStream_10-Q_July-2019.pdf.pdf","CORPUS","gs://trg-d-i0523dsollms-chatapp-corpus-files/HealthStream/HSTM_HealthStream_10-Q_July-2019.pdf.pdf","CLOUD_STORAGE_CREDENTIALS",""
"f0ae86e1-9529-4633-a0e5-7f10a0e92144","HSTM_HealthStream_10-Q_July-2020.pdf.pdf","CORPUS","gs://trg-d-i0523dsollms-chatapp-corpus-files/HealthStream/HSTM_HealthStream_10-Q_July-2020.pdf.pdf","CLOUD_STORAGE_CREDENTIALS",""
"bae7046a-e8b3-41fa-b282-2be1ffe03fb2","HSTM_HealthStream_10-Q_July-2021.pdf.pdf","CORPUS","gs://trg-d-i0523dsollms-chatapp-corpus-files/HealthStream/HSTM_HealthStream_10-Q_July-2021.pdf.pdf","CLOUD_STORAGE_CREDENTIALS",""
"5b5ed1bb-0491-421f-a17c-bc431cb60d92","HSTM_HealthStream_10-Q_July-2022.pdf.pdf","CORPUS","gs://trg-d-i0523dsollms-chatapp-corpus-files/HealthStream/HSTM_HealthStream_10-Q_July-2022.pdf.pdf","CLOUD_STORAGE_CREDENTIALS",""
"d6bc3bf3-814d-40f6-b711-f784b82fe297","HSTM_HealthStream_10-Q_July-2023.pdf.pdf","CORPUS","gs://trg-d-i0523dsollms-chatapp-corpus-files/HealthStream/HSTM_HealthStream_10-Q_July-2023.pdf.pdf","CLOUD_STORAGE_CREDENTIALS",""
"76f0d16d-cab5-49a6-969a-d4d32d5d2dc4","HSTM_HealthStream_10-Q_October-2018.pdf.pdf","CORPUS","gs://trg-d-i0523dsollms-chatapp-corpus-files/HealthStream/HSTM_HealthStream_10-Q_October-2018.pdf.pdf","CLOUD_STORAGE_CREDENTIALS",""
"49ed42c5-33e1-424d-8bd3-021162846694","HSTM_HealthStream_10-Q_October-2019.pdf.pdf","CORPUS","gs://trg-d-i0523dsollms-chatapp-corpus-files/HealthStream/HSTM_HealthStream_10-Q_October-2019.pdf.pdf","CLOUD_STORAGE_CREDENTIALS",""
"f34df62c-f77c-40e0-8224-a50dbf0e177f","HSTM_HealthStream_10-Q_October-2020.pdf.pdf","CORPUS","gs://trg-d-i0523dsollms-chatapp-corpus-files/HealthStream/HSTM_HealthStream_10-Q_October-2020.pdf.pdf","CLOUD_STORAGE_CREDENTIALS",""
"4bfaecf5-0288-469e-9aec-70c688566675","HSTM_HealthStream_10-Q_October-2021.pdf.pdf","CORPUS","gs://trg-d-i0523dsollms-chatapp-corpus-files/HealthStream/HSTM_HealthStream_10-Q_October-2021.pdf.pdf","CLOUD_STORAGE_CREDENTIALS",""
"b4895e80-86a6-4630-837c-830bcb324344","HSTM_HealthStream_10-Q_October-2022.pdf.pdf","CORPUS","gs://trg-d-i0523dsollms-chatapp-corpus-files/HealthStream/HSTM_HealthStream_10-Q_October-2022.pdf.pdf","CLOUD_STORAGE_CREDENTIALS",""
"2f077270-fe90-423f-b68d-25dac5bbcdc0","IBM_IBM_10-K_February-2019.pdf.pdf","CORPUS","gs://trg-d-i0523dsollms-chatapp-corpus-files/IBM/IBM_IBM_10-K_February-2019.pdf.pdf","CLOUD_STORAGE_CREDENTIALS",""
"81149157-a67b-426b-8f30-b9375b878cd1","IBM_IBM_10-K_February-2020.pdf.pdf","CORPUS","gs://trg-d-i0523dsollms-chatapp-corpus-files/IBM/IBM_IBM_10-K_February-2020.pdf.pdf","CLOUD_STORAGE_CREDENTIALS",""
"704adcd8-1699-4cf0-89bf-e32ea03db862","IBM_IBM_10-K_February-2021.pdf.pdf","CORPUS","gs://trg-d-i0523dsollms-chatapp-corpus-files/IBM/IBM_IBM_10-K_February-2021.pdf.pdf","CLOUD_STORAGE_CREDENTIALS",""
"0e35c296-cb46-4b1b-8758-d8620736f30d","IBM_IBM_10-K_February-2022.pdf.pdf","CORPUS","gs://trg-d-i0523dsollms-chatapp-corpus-files/IBM/IBM_IBM_10-K_February-2022.pdf.pdf","CLOUD_STORAGE_CREDENTIALS",""
"f87fb263-359e-4cb8-97cb-b94718b65989","IBM_IBM_10-K_February-2023.pdf.pdf","CORPUS","gs://trg-d-i0523dsollms-chatapp-corpus-files/IBM/IBM_IBM_10-K_February-2023.pdf.pdf","CLOUD_STORAGE_CREDENTIALS",""
"6c1c1736-f4c7-4296-9af1-425d7158877d","IBM_IBM_10-Q_April-2019.pdf.pdf","CORPUS","gs://trg-d-i0523dsollms-chatapp-corpus-files/IBM/IBM_IBM_10-Q_April-2019.pdf.pdf","CLOUD_STORAGE_CREDENTIALS",""
"ff9fbc7c-e948-4678-bb3f-7e6ddaa3ec94","IBM_IBM_10-Q_April-2020.pdf.pdf","CORPUS","gs://trg-d-i0523dsollms-chatapp-corpus-files/IBM/IBM_IBM_10-Q_April-2020.pdf.pdf","CLOUD_STORAGE_CREDENTIALS",""
"3a559e43-5943-4f45-ac78-0b24ae475f32","IBM_IBM_10-Q_April-2021.pdf.pdf","CORPUS","gs://trg-d-i0523dsollms-chatapp-corpus-files/IBM/IBM_IBM_10-Q_April-2021.pdf.pdf","CLOUD_STORAGE_CREDENTIALS",""
"8f8b5e7e-77cf-44f9-9a03-76751910517a","IBM_IBM_10-Q_April-2022.pdf.pdf","CORPUS","gs://trg-d-i0523dsollms-chatapp-corpus-files/IBM/IBM_IBM_10-Q_April-2022.pdf.pdf","CLOUD_STORAGE_CREDENTIALS",""
"6a4cc013-97e7-4895-8d14-f98bf44ae9a3","IBM_IBM_10-Q_April-2023.pdf.pdf","CORPUS","gs://trg-d-i0523dsollms-chatapp-corpus-files/IBM/IBM_IBM_10-Q_April-2023.pdf.pdf","CLOUD_STORAGE_CREDENTIALS",""
"ad7211fd-fef3-4421-be56-56bf6a661475","IBM_IBM_10-Q_July-2019.pdf.pdf","CORPUS","gs://trg-d-i0523dsollms-chatapp-corpus-files/IBM/IBM_IBM_10-Q_July-2019.pdf.pdf","CLOUD_STORAGE_CREDENTIALS",""
"9f922cb4-c6d2-400d-a031-484f43ad5b58","IBM_IBM_10-Q_July-2020.pdf.pdf","CORPUS","gs://trg-d-i0523dsollms-chatapp-corpus-files/IBM/IBM_IBM_10-Q_July-2020.pdf.pdf","CLOUD_STORAGE_CREDENTIALS",""
"59fe3170-ce81-4fab-a787-5bb01bf3ebb3","IBM_IBM_10-Q_July-2021.pdf.pdf","CORPUS","gs://trg-d-i0523dsollms-chatapp-corpus-files/IBM/IBM_IBM_10-Q_July-2021.pdf.pdf","CLOUD_STORAGE_CREDENTIALS",""
"5ef0902c-324e-49ca-a494-6d14e379d616","IBM_IBM_10-Q_July-2022.pdf.pdf","CORPUS","gs://trg-d-i0523dsollms-chatapp-corpus-files/IBM/IBM_IBM_10-Q_July-2022.pdf.pdf","CLOUD_STORAGE_CREDENTIALS",""
"4fdacbcb-0e51-48c9-9b15-486061baea78","IBM_IBM_10-Q_July-2023.pdf.pdf","CORPUS","gs://trg-d-i0523dsollms-chatapp-corpus-files/IBM/IBM_IBM_10-Q_July-2023.pdf.pdf","CLOUD_STORAGE_CREDENTIALS",""
"2feb5440-85a2-438f-9990-ed9224c62868","IBM_IBM_10-Q_November-2021.pdf.pdf","CORPUS","gs://trg-d-i0523dsollms-chatapp-corpus-files/IBM/IBM_IBM_10-Q_November-2021.pdf.pdf","CLOUD_STORAGE_CREDENTIALS",""
"b7051240-1e19-4e46-8639-9de2ec6c7b81","IBM_IBM_10-Q_October-2018.pdf.pdf","CORPUS","gs://trg-d-i0523dsollms-chatapp-corpus-files/IBM/IBM_IBM_10-Q_October-2018.pdf.pdf","CLOUD_STORAGE_CREDENTIALS",""
"29ba9f20-053c-4eee-8332-3246f2a04859","IBM_IBM_10-Q_October-2019.pdf.pdf","CORPUS","gs://trg-d-i0523dsollms-chatapp-corpus-files/IBM/IBM_IBM_10-Q_October-2019.pdf.pdf","CLOUD_STORAGE_CREDENTIALS",""
"9a41b9ef-022d-406a-a63e-45e473b7e78a","IBM_IBM_10-Q_October-2020.pdf.pdf","CORPUS","gs://trg-d-i0523dsollms-chatapp-corpus-files/IBM/IBM_IBM_10-Q_October-2020.pdf.pdf","CLOUD_STORAGE_CREDENTIALS",""
"2e60fd4b-de6d-42fc-8ee8-a193f0e06d7e","IBM_IBM_10-Q_October-2022.pdf.pdf","CORPUS","gs://trg-d-i0523dsollms-chatapp-corpus-files/IBM/IBM_IBM_10-Q_October-2022.pdf.pdf","CLOUD_STORAGE_CREDENTIALS",""
"59d42f73-e17b-4d89-b466-c99ad2728787","IBM_IBM_Earnings-Call-Transcript_Q1-2018.txt","CORPUS","gs://trg-d-i0523dsollms-chatapp-corpus-files/IBM/IBM_IBM_Earnings-Call-Transcript_Q1-2018.txt","CLOUD_STORAGE_CREDENTIALS",""
"7c25f49b-805a-42bf-a3c9-8cb18015472c","IBM_IBM_Earnings-Call-Transcript_Q1-2019.txt","CORPUS","gs://trg-d-i0523dsollms-chatapp-corpus-files/IBM/IBM_IBM_Earnings-Call-Transcript_Q1-2019.txt","CLOUD_STORAGE_CREDENTIALS",""
"b0657090-c3f2-4c33-884f-2778ca645455","IBM_IBM_Earnings-Call-Transcript_Q1-2020.txt","CORPUS","gs://trg-d-i0523dsollms-chatapp-corpus-files/IBM/IBM_IBM_Earnings-Call-Transcript_Q1-2020.txt","CLOUD_STORAGE_CREDENTIALS",""
"ca2d75c9-2e47-494b-b4cc-1398677e8c39","IBM_IBM_Earnings-Call-Transcript_Q1-2021.txt","CORPUS","gs://trg-d-i0523dsollms-chatapp-corpus-files/IBM/IBM_IBM_Earnings-Call-Transcript_Q1-2021.txt","CLOUD_STORAGE_CREDENTIALS",""
"357a1008-f3fb-42eb-9d42-84928761082f","IBM_IBM_Earnings-Call-Transcript_Q1-2022.txt","CORPUS","gs://trg-d-i0523dsollms-chatapp-corpus-files/IBM/IBM_IBM_Earnings-Call-Transcript_Q1-2022.txt","CLOUD_STORAGE_CREDENTIALS",""
"86d1c6c5-19ab-43a8-b89f-92fa05157773","IBM_IBM_Earnings-Call-Transcript_Q1-2023.txt","CORPUS","gs://trg-d-i0523dsollms-chatapp-corpus-files/IBM/IBM_IBM_Earnings-Call-Transcript_Q1-2023.txt","CLOUD_STORAGE_CREDENTIALS",""
"f9e8ca9b-9875-4677-bd39-8d505a3080ff","IBM_IBM_Earnings-Call-Transcript_Q2-2018.txt","CORPUS","gs://trg-d-i0523dsollms-chatapp-corpus-files/IBM/IBM_IBM_Earnings-Call-Transcript_Q2-2018.txt","CLOUD_STORAGE_CREDENTIALS",""
"da9810a9-7d95-44d0-9f52-fc5340954822","IBM_IBM_Earnings-Call-Transcript_Q2-2019.txt","CORPUS","gs://trg-d-i0523dsollms-chatapp-corpus-files/IBM/IBM_IBM_Earnings-Call-Transcript_Q2-2019.txt","CLOUD_STORAGE_CREDENTIALS",""
"894078a8-563b-4fb0-bacc-0550d91ca62c","IBM_IBM_Earnings-Call-Transcript_Q2-2020.txt","CORPUS","gs://trg-d-i0523dsollms-chatapp-corpus-files/IBM/IBM_IBM_Earnings-Call-Transcript_Q2-2020.txt","CLOUD_STORAGE_CREDENTIALS",""
"55b4fd23-b1c3-4663-b41e-2068baa69121","IBM_IBM_Earnings-Call-Transcript_Q2-2021.txt","CORPUS","gs://trg-d-i0523dsollms-chatapp-corpus-files/IBM/IBM_IBM_Earnings-Call-Transcript_Q2-2021.txt","CLOUD_STORAGE_CREDENTIALS",""
"9e2f97c8-b6b6-4fe6-be29-aa5cd40df632","IBM_IBM_Earnings-Call-Transcript_Q2-2023.txt","CORPUS","gs://trg-d-i0523dsollms-chatapp-corpus-files/IBM/IBM_IBM_Earnings-Call-Transcript_Q2-2023.txt","CLOUD_STORAGE_CREDENTIALS",""
"f28ccb80-dd0d-416c-8e2b-f82c2d31a96a","IBM_IBM_Earnings-Call-Transcript_Q3-2018.txt","CORPUS","gs://trg-d-i0523dsollms-chatapp-corpus-files/IBM/IBM_IBM_Earnings-Call-Transcript_Q3-2018.txt","CLOUD_STORAGE_CREDENTIALS",""
"06bb8f83-3247-4654-a719-f1ab5b9cb4c6","IBM_IBM_Earnings-Call-Transcript_Q3-2019.txt","CORPUS","gs://trg-d-i0523dsollms-chatapp-corpus-files/IBM/IBM_IBM_Earnings-Call-Transcript_Q3-2019.txt","CLOUD_STORAGE_CREDENTIALS",""
"63c2d8e2-ddc8-4a64-84e8-3ba73b97af01","IBM_IBM_Earnings-Call-Transcript_Q3-2020.txt","CORPUS","gs://trg-d-i0523dsollms-chatapp-corpus-files/IBM/IBM_IBM_Earnings-Call-Transcript_Q3-2020.txt","CLOUD_STORAGE_CREDENTIALS",""
"8e3a8e1b-6c17-4e61-a580-eca4b02b0b64","IBM_IBM_Earnings-Call-Transcript_Q3-2021.txt","CORPUS","gs://trg-d-i0523dsollms-chatapp-corpus-files/IBM/IBM_IBM_Earnings-Call-Transcript_Q3-2021.txt","CLOUD_STORAGE_CREDENTIALS",""
"b34027d0-ccc5-46b3-b472-3ced779a073b","IBM_IBM_Earnings-Call-Transcript_Q3-2022.txt","CORPUS","gs://trg-d-i0523dsollms-chatapp-corpus-files/IBM/IBM_IBM_Earnings-Call-Transcript_Q3-2022.txt","CLOUD_STORAGE_CREDENTIALS",""
"c75da309-6c3a-4110-ab04-165ca15ad914","IBM_IBM_Earnings-Call-Transcript_Q4-2018.txt","CORPUS","gs://trg-d-i0523dsollms-chatapp-corpus-files/IBM/IBM_IBM_Earnings-Call-Transcript_Q4-2018.txt","CLOUD_STORAGE_CREDENTIALS",""
"4d44d7f9-b36f-47c1-9535-ddd7c60474a7","IBM_IBM_Earnings-Call-Transcript_Q4-2019.txt","CORPUS","gs://trg-d-i0523dsollms-chatapp-corpus-files/IBM/IBM_IBM_Earnings-Call-Transcript_Q4-2019.txt","CLOUD_STORAGE_CREDENTIALS",""
"14d58b30-1f9b-4976-9a91-96a0fa62bf60","IBM_IBM_Earnings-Call-Transcript_Q4-2020.txt","CORPUS","gs://trg-d-i0523dsollms-chatapp-corpus-files/IBM/IBM_IBM_Earnings-Call-Transcript_Q4-2020.txt","CLOUD_STORAGE_CREDENTIALS",""
"a8e55496-5a7d-44be-868e-f16ecdf0637c","IBM_IBM_Earnings-Call-Transcript_Q4-2021.txt","CORPUS","gs://trg-d-i0523dsollms-chatapp-corpus-files/IBM/IBM_IBM_Earnings-Call-Transcript_Q4-2021.txt","CLOUD_STORAGE_CREDENTIALS",""
"f12988a7-e547-4d51-a8ff-0257adbc174b","IBM_IBM_Earnings-Call-Transcript_Q4-2022.txt","CORPUS","gs://trg-d-i0523dsollms-chatapp-corpus-files/IBM/IBM_IBM_Earnings-Call-Transcript_Q4-2022.txt","CLOUD_STORAGE_CREDENTIALS",""
"881e8d49-69db-478e-af1a-0085136c9104","KARO_Karooooo_Earnings-Call-Transcript_Q1-2021.txt","CORPUS","gs://trg-d-i0523dsollms-chatapp-corpus-files/Karooooo/KARO_Karooooo_Earnings-Call-Transcript_Q1-2021.txt","CLOUD_STORAGE_CREDENTIALS",""
"7bbbecfd-e863-4f62-95a6-5bab6604bf2e","KARO_Karooooo_Earnings-Call-Transcript_Q2-2021.txt","CORPUS","gs://trg-d-i0523dsollms-chatapp-corpus-files/Karooooo/KARO_Karooooo_Earnings-Call-Transcript_Q2-2021.txt","CLOUD_STORAGE_CREDENTIALS",""
"0c354675-0b73-4887-8423-ab8eb3258e1f","KARO_Karooooo_Earnings-Call-Transcript_Q2-2022.txt","CORPUS","gs://trg-d-i0523dsollms-chatapp-corpus-files/Karooooo/KARO_Karooooo_Earnings-Call-Transcript_Q2-2022.txt","CLOUD_STORAGE_CREDENTIALS",""
"387d55f3-f205-49da-b369-28ee93213ec6","KARO_Karooooo_Earnings-Call-Transcript_Q3-2022.txt","CORPUS","gs://trg-d-i0523dsollms-chatapp-corpus-files/Karooooo/KARO_Karooooo_Earnings-Call-Transcript_Q3-2022.txt","CLOUD_STORAGE_CREDENTIALS",""
"2a0846c1-b5e8-4766-b676-13a8f2c8a141","KARO_Karooooo_Earnings-Call-Transcript_Q3-2023.txt","CORPUS","gs://trg-d-i0523dsollms-chatapp-corpus-files/Karooooo/KARO_Karooooo_Earnings-Call-Transcript_Q3-2023.txt","CLOUD_STORAGE_CREDENTIALS",""
"5df85b39-859a-493b-a3ae-b65e2091506e","KARO_Karooooo_Earnings-Call-Transcript_Q4-2022.txt","CORPUS","gs://trg-d-i0523dsollms-chatapp-corpus-files/Karooooo/KARO_Karooooo_Earnings-Call-Transcript_Q4-2022.txt","CLOUD_STORAGE_CREDENTIALS",""
"80c2143c-16b8-462e-a7be-8db1b681c81c","KARO_Karooooo_Earnings-Call-Transcript_Q4-2023.txt","CORPUS","gs://trg-d-i0523dsollms-chatapp-corpus-files/Karooooo/KARO_Karooooo_Earnings-Call-Transcript_Q4-2023.txt","CLOUD_STORAGE_CREDENTIALS",""
"00ed91b7-93b0-403f-8f4a-37bb3b45fdc2","NCNO_nCino_Earnings-Call-Transcript_Q2-2023.txt","CORPUS","gs://trg-d-i0523dsollms-chatapp-corpus-files/nCino/NCNO_nCino_Earnings-Call-Transcript_Q2-2023.txt","CLOUD_STORAGE_CREDENTIALS",""
"98b198f4-e017-43a9-8b6e-431f579e9334","NCNO_nCino_Earnings-Call-Transcript_Q3-2021.txt","CORPUS","gs://trg-d-i0523dsollms-chatapp-corpus-files/nCino/NCNO_nCino_Earnings-Call-Transcript_Q3-2021.txt","CLOUD_STORAGE_CREDENTIALS",""
"9bc40791-905c-428d-955a-b874dc07005d","NCNO_nCino_Earnings-Call-Transcript_Q3-2023.txt","CORPUS","gs://trg-d-i0523dsollms-chatapp-corpus-files/nCino/NCNO_nCino_Earnings-Call-Transcript_Q3-2023.txt","CLOUD_STORAGE_CREDENTIALS",""
"f7f14ab9-c64c-48be-bafe-715a7879e6e9","NCNO_nCino_Earnings-Call-Transcript_Q4-2020.txt","CORPUS","gs://trg-d-i0523dsollms-chatapp-corpus-files/nCino/NCNO_nCino_Earnings-Call-Transcript_Q4-2020.txt","CLOUD_STORAGE_CREDENTIALS",""
"5ec1b50c-1f24-42bc-b5aa-68164cee88f9","NCNO_nCino_Earnings-Call-Transcript_Q4-2022.txt","CORPUS","gs://trg-d-i0523dsollms-chatapp-corpus-files/nCino/NCNO_nCino_Earnings-Call-Transcript_Q4-2022.txt","CLOUD_STORAGE_CREDENTIALS",""
"ce0d238d-81c7-42b7-9d6f-8a03e31c2ed8","NCNO_nCino_Earnings-Call-Transcript_Q4-2023.txt","CORPUS","gs://trg-d-i0523dsollms-chatapp-corpus-files/nCino/NCNO_nCino_Earnings-Call-Transcript_Q4-2023.txt","CLOUD_STORAGE_CREDENTIALS",""
"74b94dc9-ef22-4e48-bfb3-0da6117bafd6","PGY_Pagaya_Earnings-Call-Transcript_Q1-2023.txt","CORPUS","gs://trg-d-i0523dsollms-chatapp-corpus-files/Pagaya/PGY_Pagaya_Earnings-Call-Transcript_Q1-2023.txt","CLOUD_STORAGE_CREDENTIALS",""
"ecc5456e-dd1c-4f60-ab91-c9ad1e61a579","PGY_Pagaya_Earnings-Call-Transcript_Q2-2022.txt","CORPUS","gs://trg-d-i0523dsollms-chatapp-corpus-files/Pagaya/PGY_Pagaya_Earnings-Call-Transcript_Q2-2022.txt","CLOUD_STORAGE_CREDENTIALS",""
"0719f0d0-0292-4c0f-b334-711a8644cb94","PGY_Pagaya_Earnings-Call-Transcript_Q2-2023.txt","CORPUS","gs://trg-d-i0523dsollms-chatapp-corpus-files/Pagaya/PGY_Pagaya_Earnings-Call-Transcript_Q2-2023.txt","CLOUD_STORAGE_CREDENTIALS",""
"19c463d5-0a06-4825-b645-e4c453ea91d5","PGY_Pagaya_Earnings-Call-Transcript_Q3-2022.txt","CORPUS","gs://trg-d-i0523dsollms-chatapp-corpus-files/Pagaya/PGY_Pagaya_Earnings-Call-Transcript_Q3-2022.txt","CLOUD_STORAGE_CREDENTIALS",""
"b8091d4c-c931-43f3-9b35-516642e3cefb","PGY_Pagaya_Earnings-Call-Transcript_Q4-2022.txt","CORPUS","gs://trg-d-i0523dsollms-chatapp-corpus-files/Pagaya/PGY_Pagaya_Earnings-Call-Transcript_Q4-2022.txt","CLOUD_STORAGE_CREDENTIALS",""
"90e735fb-edf1-4506-a485-bdbd9ccaa681","SAP_SAP_Earnings-Call-Transcript_Q1-2018.txt","CORPUS","gs://trg-d-i0523dsollms-chatapp-corpus-files/SAP/SAP_SAP_Earnings-Call-Transcript_Q1-2018.txt","CLOUD_STORAGE_CREDENTIALS",""
"7cdc5550-e35e-4405-9859-57ee0d71a3cb","SAP_SAP_Earnings-Call-Transcript_Q1-2019.txt","CORPUS","gs://trg-d-i0523dsollms-chatapp-corpus-files/SAP/SAP_SAP_Earnings-Call-Transcript_Q1-2019.txt","CLOUD_STORAGE_CREDENTIALS",""
"bbebc279-fa0e-4ec1-8196-bb74cccdfa0e","SAP_SAP_Earnings-Call-Transcript_Q1-2020.txt","CORPUS","gs://trg-d-i0523dsollms-chatapp-corpus-files/SAP/SAP_SAP_Earnings-Call-Transcript_Q1-2020.txt","CLOUD_STORAGE_CREDENTIALS",""
"015900df-fe5e-4216-87b0-8c96d9e88bac","SAP_SAP_Earnings-Call-Transcript_Q1-2021.txt","CORPUS","gs://trg-d-i0523dsollms-chatapp-corpus-files/SAP/SAP_SAP_Earnings-Call-Transcript_Q1-2021.txt","CLOUD_STORAGE_CREDENTIALS",""
"6a6ac737-7bf7-4251-9aa7-0be26ffbc1c9","SAP_SAP_Earnings-Call-Transcript_Q1-2022.txt","CORPUS","gs://trg-d-i0523dsollms-chatapp-corpus-files/SAP/SAP_SAP_Earnings-Call-Transcript_Q1-2022.txt","CLOUD_STORAGE_CREDENTIALS",""
"1c7039af-0b4a-4a6f-87e9-cfbd9512b4e6","SAP_SAP_Earnings-Call-Transcript_Q1-2023.txt","CORPUS","gs://trg-d-i0523dsollms-chatapp-corpus-files/SAP/SAP_SAP_Earnings-Call-Transcript_Q1-2023.txt","CLOUD_STORAGE_CREDENTIALS",""
"81fb976c-5e39-49e4-a598-1379aadf11a7","SAP_SAP_Earnings-Call-Transcript_Q2-2018.txt","CORPUS","gs://trg-d-i0523dsollms-chatapp-corpus-files/SAP/SAP_SAP_Earnings-Call-Transcript_Q2-2018.txt","CLOUD_STORAGE_CREDENTIALS",""
"9853092d-6013-400f-ba37-f1912b0fdf7f","SAP_SAP_Earnings-Call-Transcript_Q2-2019.txt","CORPUS","gs://trg-d-i0523dsollms-chatapp-corpus-files/SAP/SAP_SAP_Earnings-Call-Transcript_Q2-2019.txt","CLOUD_STORAGE_CREDENTIALS",""
"7783612e-1188-4343-bf3d-d1d7d92ca77f","SAP_SAP_Earnings-Call-Transcript_Q2-2020.txt","CORPUS","gs://trg-d-i0523dsollms-chatapp-corpus-files/SAP/SAP_SAP_Earnings-Call-Transcript_Q2-2020.txt","CLOUD_STORAGE_CREDENTIALS",""
"f2e254eb-8375-4ad6-91f3-b64b0b0041f6","SAP_SAP_Earnings-Call-Transcript_Q2-2021.txt","CORPUS","gs://trg-d-i0523dsollms-chatapp-corpus-files/SAP/SAP_SAP_Earnings-Call-Transcript_Q2-2021.txt","CLOUD_STORAGE_CREDENTIALS",""
"9720f23d-4df4-47c6-84eb-3ff42d02f8be","SAP_SAP_Earnings-Call-Transcript_Q2-2022.txt","CORPUS","gs://trg-d-i0523dsollms-chatapp-corpus-files/SAP/SAP_SAP_Earnings-Call-Transcript_Q2-2022.txt","CLOUD_STORAGE_CREDENTIALS",""
"51afa66e-6a83-4372-830c-f82060168153","SAP_SAP_Earnings-Call-Transcript_Q2-2023.txt","CORPUS","gs://trg-d-i0523dsollms-chatapp-corpus-files/SAP/SAP_SAP_Earnings-Call-Transcript_Q2-2023.txt","CLOUD_STORAGE_CREDENTIALS",""
"f9244d70-7ae5-4d52-ac12-87541328c232","SAP_SAP_Earnings-Call-Transcript_Q3-2018.txt","CORPUS","gs://trg-d-i0523dsollms-chatapp-corpus-files/SAP/SAP_SAP_Earnings-Call-Transcript_Q3-2018.txt","CLOUD_STORAGE_CREDENTIALS",""
"e298713d-1fee-4e8a-8d74-49afc6ce900a","SAP_SAP_Earnings-Call-Transcript_Q3-2019.txt","CORPUS","gs://trg-d-i0523dsollms-chatapp-corpus-files/SAP/SAP_SAP_Earnings-Call-Transcript_Q3-2019.txt","CLOUD_STORAGE_CREDENTIALS",""
"4949db95-9f09-4a64-909a-5946f47bf70a","SAP_SAP_Earnings-Call-Transcript_Q3-2020.txt","CORPUS","gs://trg-d-i0523dsollms-chatapp-corpus-files/SAP/SAP_SAP_Earnings-Call-Transcript_Q3-2020.txt","CLOUD_STORAGE_CREDENTIALS",""
"d261cf08-63f1-49bf-98df-e6289a1536ef","SAP_SAP_Earnings-Call-Transcript_Q3-2021.txt","CORPUS","gs://trg-d-i0523dsollms-chatapp-corpus-files/SAP/SAP_SAP_Earnings-Call-Transcript_Q3-2021.txt","CLOUD_STORAGE_CREDENTIALS",""
"548616d5-2d9d-4173-8e57-0f6e93f238c0","SAP_SAP_Earnings-Call-Transcript_Q3-2022.txt","CORPUS","gs://trg-d-i0523dsollms-chatapp-corpus-files/SAP/SAP_SAP_Earnings-Call-Transcript_Q3-2022.txt","CLOUD_STORAGE_CREDENTIALS",""
"5480e8e0-b107-436d-9a3d-db1f9c79c099","SAP_SAP_Earnings-Call-Transcript_Q3-2023.txt","CORPUS","gs://trg-d-i0523dsollms-chatapp-corpus-files/SAP/SAP_SAP_Earnings-Call-Transcript_Q3-2023.txt","CLOUD_STORAGE_CREDENTIALS",""
"0b4aff1d-c5ac-4241-b8b2-6203a69fe2bf","SAP_SAP_Earnings-Call-Transcript_Q4-2018.txt","CORPUS","gs://trg-d-i0523dsollms-chatapp-corpus-files/SAP/SAP_SAP_Earnings-Call-Transcript_Q4-2018.txt","CLOUD_STORAGE_CREDENTIALS",""
"301eac92-301d-4e02-903b-4b2eab57fb72","SAP_SAP_Earnings-Call-Transcript_Q4-2019.txt","CORPUS","gs://trg-d-i0523dsollms-chatapp-corpus-files/SAP/SAP_SAP_Earnings-Call-Transcript_Q4-2019.txt","CLOUD_STORAGE_CREDENTIALS",""
"7337023e-c796-4fa4-81c0-946ab493e136","SAP_SAP_Earnings-Call-Transcript_Q4-2020.txt","CORPUS","gs://trg-d-i0523dsollms-chatapp-corpus-files/SAP/SAP_SAP_Earnings-Call-Transcript_Q4-2020.txt","CLOUD_STORAGE_CREDENTIALS",""
"00d4e304-ae19-44a2-8131-b153d9739ebd","SAP_SAP_Earnings-Call-Transcript_Q4-2021.txt","CORPUS","gs://trg-d-i0523dsollms-chatapp-corpus-files/SAP/SAP_SAP_Earnings-Call-Transcript_Q4-2021.txt","CLOUD_STORAGE_CREDENTIALS",""
"0b26eae4-69be-4559-abc3-8138b651c6aa","SAP_SAP_Earnings-Call-Transcript_Q4-2022.txt","CORPUS","gs://trg-d-i0523dsollms-chatapp-corpus-files/SAP/SAP_SAP_Earnings-Call-Transcript_Q4-2022.txt","CLOUD_STORAGE_CREDENTIALS",""
"f0653d72-1858-4353-aac1-d2e799cbec51","ZG_Zillow Group_Earnings-Call-Transcript_Q1-2018.txt","CORPUS","gs://trg-d-i0523dsollms-chatapp-corpus-files/Zillow Group/ZG_Zillow Group_Earnings-Call-Transcript_Q1-2018.txt","CLOUD_STORAGE_CREDENTIALS",""
"58977ebe-d4c5-4251-b163-7c3363189a57","ZG_Zillow Group_Earnings-Call-Transcript_Q1-2020.txt","CORPUS","gs://trg-d-i0523dsollms-chatapp-corpus-files/Zillow Group/ZG_Zillow Group_Earnings-Call-Transcript_Q1-2020.txt","CLOUD_STORAGE_CREDENTIALS",""
"31141006-b1ae-4255-9d37-8bad3c41027c","ZG_Zillow Group_Earnings-Call-Transcript_Q1-2021.txt","CORPUS","gs://trg-d-i0523dsollms-chatapp-corpus-files/Zillow Group/ZG_Zillow Group_Earnings-Call-Transcript_Q1-2021.txt","CLOUD_STORAGE_CREDENTIALS",""
"921f64d5-ac4f-457f-980c-5585a78c6934","ZG_Zillow Group_Earnings-Call-Transcript_Q1-2022.txt","CORPUS","gs://trg-d-i0523dsollms-chatapp-corpus-files/Zillow Group/ZG_Zillow Group_Earnings-Call-Transcript_Q1-2022.txt","CLOUD_STORAGE_CREDENTIALS",""
"b25b5885-85e9-4ade-a9fe-f1fc916ce246","ZG_Zillow Group_Earnings-Call-Transcript_Q1-2023.txt","CORPUS","gs://trg-d-i0523dsollms-chatapp-corpus-files/Zillow Group/ZG_Zillow Group_Earnings-Call-Transcript_Q1-2023.txt","CLOUD_STORAGE_CREDENTIALS",""
"31c3435a-56ad-4ef4-97f0-fe34a2a0c136","ZG_Zillow Group_Earnings-Call-Transcript_Q2-2020.txt","CORPUS","gs://trg-d-i0523dsollms-chatapp-corpus-files/Zillow Group/ZG_Zillow Group_Earnings-Call-Transcript_Q2-2020.txt","CLOUD_STORAGE_CREDENTIALS",""
"36389f5d-bc16-4db3-b433-c51065e6a250","ZG_Zillow Group_Earnings-Call-Transcript_Q2-2021.txt","CORPUS","gs://trg-d-i0523dsollms-chatapp-corpus-files/Zillow Group/ZG_Zillow Group_Earnings-Call-Transcript_Q2-2021.txt","CLOUD_STORAGE_CREDENTIALS",""
"bdf4ef00-5e37-4e1c-9dd7-cc25b0faf04a","ZG_Zillow Group_Earnings-Call-Transcript_Q2-2022.txt","CORPUS","gs://trg-d-i0523dsollms-chatapp-corpus-files/Zillow Group/ZG_Zillow Group_Earnings-Call-Transcript_Q2-2022.txt","CLOUD_STORAGE_CREDENTIALS",""
"0283d920-7475-43a6-bc03-8e4b899a3943","ZG_Zillow Group_Earnings-Call-Transcript_Q3-2020.txt","CORPUS","gs://trg-d-i0523dsollms-chatapp-corpus-files/Zillow Group/ZG_Zillow Group_Earnings-Call-Transcript_Q3-2020.txt","CLOUD_STORAGE_CREDENTIALS",""
"13da9889-98f4-47a8-bf83-1dd518ada077","ZG_Zillow Group_Earnings-Call-Transcript_Q3-2021.txt","CORPUS","gs://trg-d-i0523dsollms-chatapp-corpus-files/Zillow Group/ZG_Zillow Group_Earnings-Call-Transcript_Q3-2021.txt","CLOUD_STORAGE_CREDENTIALS",""
"af78b877-4ef0-4c33-8492-4bf2aca94524","ZG_Zillow Group_Earnings-Call-Transcript_Q3-2022.txt","CORPUS","gs://trg-d-i0523dsollms-chatapp-corpus-files/Zillow Group/ZG_Zillow Group_Earnings-Call-Transcript_Q3-2022.txt","CLOUD_STORAGE_CREDENTIALS",""
"c0421d98-8a68-49cc-a2ad-64646b240b1a","ZG_Zillow Group_Earnings-Call-Transcript_Q4-2019.txt","CORPUS","gs://trg-d-i0523dsollms-chatapp-corpus-files/Zillow Group/ZG_Zillow Group_Earnings-Call-Transcript_Q4-2019.txt","CLOUD_STORAGE_CREDENTIALS",""
"2343456a-7e3e-46f6-8057-0da10f80b349","ZG_Zillow Group_Earnings-Call-Transcript_Q4-2020.txt","CORPUS","gs://trg-d-i0523dsollms-chatapp-corpus-files/Zillow Group/ZG_Zillow Group_Earnings-Call-Transcript_Q4-2020.txt","CLOUD_STORAGE_CREDENTIALS",""
"7aab417c-b164-4a46-b1ed-6bd0a575fd65","ZG_Zillow Group_Earnings-Call-Transcript_Q4-2021.txt","CORPUS","gs://trg-d-i0523dsollms-chatapp-corpus-files/Zillow Group/ZG_Zillow Group_Earnings-Call-Transcript_Q4-2021.txt","CLOUD_STORAGE_CREDENTIALS",""
"d9b51da4-7dd9-4659-a406-c3a8caecf88f","ZG_Zillow Group_Earnings-Call-Transcript_Q4-2022.txt","CORPUS","gs://trg-d-i0523dsollms-chatapp-corpus-files/Zillow Group/ZG_Zillow Group_Earnings-Call-Transcript_Q4-2022.txt","CLOUD_STORAGE_CREDENTIALS",""
"66c4db7e-9703-4174-ae01-820ccd1eb22f","ZG_ZillowGroup_10-K_February-2019.pdf.pdf","CORPUS","gs://trg-d-i0523dsollms-chatapp-corpus-files/Zillow Group/ZG_ZillowGroup_10-K_February-2019.pdf.pdf","CLOUD_STORAGE_CREDENTIALS",""
"92e1fe6f-461d-4db4-bcd6-3d61619b0823","ZG_ZillowGroup_10-K_February-2020.pdf.pdf","CORPUS","gs://trg-d-i0523dsollms-chatapp-corpus-files/Zillow Group/ZG_ZillowGroup_10-K_February-2020.pdf.pdf","CLOUD_STORAGE_CREDENTIALS",""
"33b717b5-b58f-44c7-94d4-a408d410186b","ZG_ZillowGroup_10-K_February-2021.pdf.pdf","CORPUS","gs://trg-d-i0523dsollms-chatapp-corpus-files/Zillow Group/ZG_ZillowGroup_10-K_February-2021.pdf.pdf","CLOUD_STORAGE_CREDENTIALS",""
"5f835b6b-eb0b-4e43-9354-178f3e544c7e","ZG_ZillowGroup_10-K_February-2022.pdf.pdf","CORPUS","gs://trg-d-i0523dsollms-chatapp-corpus-files/Zillow Group/ZG_ZillowGroup_10-K_February-2022.pdf.pdf","CLOUD_STORAGE_CREDENTIALS",""
"fb4b4626-4237-4cb5-b6f5-9ae69817babc","ZG_ZillowGroup_10-K_February-2023.pdf.pdf","CORPUS","gs://trg-d-i0523dsollms-chatapp-corpus-files/Zillow Group/ZG_ZillowGroup_10-K_February-2023.pdf.pdf","CLOUD_STORAGE_CREDENTIALS",""
"d55f7aca-ec24-45b2-be54-53b4dfff1d86","ZG_ZillowGroup_10-Q_August-2019.pdf.pdf","CORPUS","gs://trg-d-i0523dsollms-chatapp-corpus-files/Zillow Group/ZG_ZillowGroup_10-Q_August-2019.pdf.pdf","CLOUD_STORAGE_CREDENTIALS",""
"a871bcea-01d2-488d-b116-6f654870abf5","ZG_ZillowGroup_10-Q_August-2020.pdf.pdf","CORPUS","gs://trg-d-i0523dsollms-chatapp-corpus-files/Zillow Group/ZG_ZillowGroup_10-Q_August-2020.pdf.pdf","CLOUD_STORAGE_CREDENTIALS",""
"20419f8d-e339-4f62-a729-2a6c182dc191","ZG_ZillowGroup_10-Q_August-2021.pdf.pdf","CORPUS","gs://trg-d-i0523dsollms-chatapp-corpus-files/Zillow Group/ZG_ZillowGroup_10-Q_August-2021.pdf.pdf","CLOUD_STORAGE_CREDENTIALS",""
"de927720-7fa4-46b0-893f-bb2785d13d14","ZG_ZillowGroup_10-Q_August-2022.pdf.pdf","CORPUS","gs://trg-d-i0523dsollms-chatapp-corpus-files/Zillow Group/ZG_ZillowGroup_10-Q_August-2022.pdf.pdf","CLOUD_STORAGE_CREDENTIALS",""
"7018545b-4ab3-49fd-a4e8-7177a94e1569","ZG_ZillowGroup_10-Q_August-2023.pdf.pdf","CORPUS","gs://trg-d-i0523dsollms-chatapp-corpus-files/Zillow Group/ZG_ZillowGroup_10-Q_August-2023.pdf.pdf","CLOUD_STORAGE_CREDENTIALS",""
"8846cd5e-1405-4da2-92d6-f988c596a2b7","ZG_ZillowGroup_10-Q_May-2019.pdf.pdf","CORPUS","gs://trg-d-i0523dsollms-chatapp-corpus-files/Zillow Group/ZG_ZillowGroup_10-Q_May-2019.pdf.pdf","CLOUD_STORAGE_CREDENTIALS",""
"9e6c65bb-0ced-416e-8dca-462881635b79","ZG_ZillowGroup_10-Q_May-2020.pdf.pdf","CORPUS","gs://trg-d-i0523dsollms-chatapp-corpus-files/Zillow Group/ZG_ZillowGroup_10-Q_May-2020.pdf.pdf","CLOUD_STORAGE_CREDENTIALS",""
"6caa90b5-5a00-482b-b80c-b754f6141953","ZG_ZillowGroup_10-Q_May-2021.pdf.pdf","CORPUS","gs://trg-d-i0523dsollms-chatapp-corpus-files/Zillow Group/ZG_ZillowGroup_10-Q_May-2021.pdf.pdf","CLOUD_STORAGE_CREDENTIALS",""
"c2933da3-ccc8-492d-8bcf-8a3dcf153f7a","ZG_ZillowGroup_10-Q_May-2022.pdf.pdf","CORPUS","gs://trg-d-i0523dsollms-chatapp-corpus-files/Zillow Group/ZG_ZillowGroup_10-Q_May-2022.pdf.pdf","CLOUD_STORAGE_CREDENTIALS",""
"37078f23-abdc-42be-9e02-d868b8b75c77","ZG_ZillowGroup_10-Q_May-2023.pdf.pdf","CORPUS","gs://trg-d-i0523dsollms-chatapp-corpus-files/Zillow Group/ZG_ZillowGroup_10-Q_May-2023.pdf.pdf","CLOUD_STORAGE_CREDENTIALS",""
"c4025707-9a0d-4801-84ba-030c33687b81","ZG_ZillowGroup_10-Q_November-2018.pdf.pdf","CORPUS","gs://trg-d-i0523dsollms-chatapp-corpus-files/Zillow Group/ZG_ZillowGroup_10-Q_November-2018.pdf.pdf","CLOUD_STORAGE_CREDENTIALS",""
"24042334-7763-40dd-a773-ee334346ac14","ZG_ZillowGroup_10-Q_November-2019.pdf.pdf","CORPUS","gs://trg-d-i0523dsollms-chatapp-corpus-files/Zillow Group/ZG_ZillowGroup_10-Q_November-2019.pdf.pdf","CLOUD_STORAGE_CREDENTIALS",""
"e3f7a869-6748-4d1b-b4f6-1f1e34cd4cd2","ZG_ZillowGroup_10-Q_November-2020.pdf.pdf","CORPUS","gs://trg-d-i0523dsollms-chatapp-corpus-files/Zillow Group/ZG_ZillowGroup_10-Q_November-2020.pdf.pdf","CLOUD_STORAGE_CREDENTIALS",""
"a9f8bd1a-825c-43e6-ac64-b41e9219c40a","ZG_ZillowGroup_10-Q_November-2021.pdf.pdf","CORPUS","gs://trg-d-i0523dsollms-chatapp-corpus-files/Zillow Group/ZG_ZillowGroup_10-Q_November-2021.pdf.pdf","CLOUD_STORAGE_CREDENTIALS",""
"697a0b6f-b7cd-4e00-b28c-8da9782fdece","ZG_ZillowGroup_10-Q_November-2022.pdf.pdf","CORPUS","gs://trg-d-i0523dsollms-chatapp-corpus-files/Zillow Group/ZG_ZillowGroup_10-Q_November-2022.pdf.pdf","CLOUD_STORAGE_CREDENTIALS",""
"6c1fa735-febc-454d-8e6d-f388037d3cda","ZI_Zoominfo Technologies_Earnings-Call-Transcript_Q1-2021.txt","CORPUS","gs://trg-d-i0523dsollms-chatapp-corpus-files/Zoominfo Technologies/ZI_Zoominfo Technologies_Earnings-Call-Transcript_Q1-2021.txt","CLOUD_STORAGE_CREDENTIALS",""
"844f2d2b-a303-4ba8-9165-bcc72be9b419","ZI_Zoominfo Technologies_Earnings-Call-Transcript_Q1-2022.txt","CORPUS","gs://trg-d-i0523dsollms-chatapp-corpus-files/Zoominfo Technologies/ZI_Zoominfo Technologies_Earnings-Call-Transcript_Q1-2022.txt","CLOUD_STORAGE_CREDENTIALS",""
"e240c909-bae3-46a7-a3fa-66ceb5562e65","ZI_Zoominfo Technologies_Earnings-Call-Transcript_Q1-2023.txt","CORPUS","gs://trg-d-i0523dsollms-chatapp-corpus-files/Zoominfo Technologies/ZI_Zoominfo Technologies_Earnings-Call-Transcript_Q1-2023.txt","CLOUD_STORAGE_CREDENTIALS",""
"9d4c4637-ef01-4054-b6d7-09a991751e2e","ZI_Zoominfo Technologies_Earnings-Call-Transcript_Q2-2020.txt","CORPUS","gs://trg-d-i0523dsollms-chatapp-corpus-files/Zoominfo Technologies/ZI_Zoominfo Technologies_Earnings-Call-Transcript_Q2-2020.txt","CLOUD_STORAGE_CREDENTIALS",""
"634e5464-ab84-4493-8f77-8550d9ce50bd","ZI_Zoominfo Technologies_Earnings-Call-Transcript_Q2-2021.txt","CORPUS","gs://trg-d-i0523dsollms-chatapp-corpus-files/Zoominfo Technologies/ZI_Zoominfo Technologies_Earnings-Call-Transcript_Q2-2021.txt","CLOUD_STORAGE_CREDENTIALS",""
"e8c827f9-dbd8-4da0-95c1-b0fc774800fb","ZI_Zoominfo Technologies_Earnings-Call-Transcript_Q2-2022.txt","CORPUS","gs://trg-d-i0523dsollms-chatapp-corpus-files/Zoominfo Technologies/ZI_Zoominfo Technologies_Earnings-Call-Transcript_Q2-2022.txt","CLOUD_STORAGE_CREDENTIALS",""
"d6abd91e-1102-4bfb-b5d7-c30744ad926e","ZI_Zoominfo Technologies_Earnings-Call-Transcript_Q2-2023.txt","CORPUS","gs://trg-d-i0523dsollms-chatapp-corpus-files/Zoominfo Technologies/ZI_Zoominfo Technologies_Earnings-Call-Transcript_Q2-2023.txt","CLOUD_STORAGE_CREDENTIALS",""
"c07d6247-f595-4159-8d66-1523669d60ca","ZI_Zoominfo Technologies_Earnings-Call-Transcript_Q3-2020.txt","CORPUS","gs://trg-d-i0523dsollms-chatapp-corpus-files/Zoominfo Technologies/ZI_Zoominfo Technologies_Earnings-Call-Transcript_Q3-2020.txt","CLOUD_STORAGE_CREDENTIALS",""
"22f35067-7535-4165-8037-c91dc2fc38fa","ZI_Zoominfo Technologies_Earnings-Call-Transcript_Q3-2021.txt","CORPUS","gs://trg-d-i0523dsollms-chatapp-corpus-files/Zoominfo Technologies/ZI_Zoominfo Technologies_Earnings-Call-Transcript_Q3-2021.txt","CLOUD_STORAGE_CREDENTIALS",""
"a7ebd009-4256-4939-a35a-a84b7dfcf723","ZI_Zoominfo Technologies_Earnings-Call-Transcript_Q3-2022.txt","CORPUS","gs://trg-d-i0523dsollms-chatapp-corpus-files/Zoominfo Technologies/ZI_Zoominfo Technologies_Earnings-Call-Transcript_Q3-2022.txt","CLOUD_STORAGE_CREDENTIALS",""
"831de85d-abf2-49c8-8e03-1ecba5438416","ZI_Zoominfo Technologies_Earnings-Call-Transcript_Q4-2020.txt","CORPUS","gs://trg-d-i0523dsollms-chatapp-corpus-files/Zoominfo Technologies/ZI_Zoominfo Technologies_Earnings-Call-Transcript_Q4-2020.txt","CLOUD_STORAGE_CREDENTIALS",""
"0ce64411-3165-452d-bdcd-1bb80360d7b4","ZI_Zoominfo Technologies_Earnings-Call-Transcript_Q4-2021.txt","CORPUS","gs://trg-d-i0523dsollms-chatapp-corpus-files/Zoominfo Technologies/ZI_Zoominfo Technologies_Earnings-Call-Transcript_Q4-2021.txt","CLOUD_STORAGE_CREDENTIALS",""
"35cc85be-fd07-4559-9197-86bf98ffb3d9","ZI_Zoominfo Technologies_Earnings-Call-Transcript_Q4-2022.txt","CORPUS","gs://trg-d-i0523dsollms-chatapp-corpus-files/Zoominfo Technologies/ZI_Zoominfo Technologies_Earnings-Call-Transcript_Q4-2022.txt","CLOUD_STORAGE_CREDENTIALS",""
"6f6ab2dd-ca6e-488d-b383-7d07741476a9","ZI_ZoominfoTechnologies_10-K_February-2021.pdf.pdf","CORPUS","gs://trg-d-i0523dsollms-chatapp-corpus-files/Zoominfo Technologies/ZI_ZoominfoTechnologies_10-K_February-2021.pdf.pdf","CLOUD_STORAGE_CREDENTIALS",""
"c7dc6c9a-ff02-4572-a8a6-d3cd721d32ba","AI_C3ai_10-K_June-2021.pdf","CORPUS","gs://trg-d-i0523dsollms-chatapp-corpus-files/C3ai/AI_C3ai_10-K_June-2021.pdf","CLOUD_STORAGE_CREDENTIALS",""
"0cefc3f7-8050-4a0b-8fcb-d4b46138cd91","AI_C3ai_10-K_June-2022.pdf","CORPUS","gs://trg-d-i0523dsollms-chatapp-corpus-files/C3ai/AI_C3ai_10-K_June-2022.pdf","CLOUD_STORAGE_CREDENTIALS",""
"1d4e22d2-ec19-471a-81cb-e7c7f5a30d19","AI_C3ai_10-K_June-2023.pdf","CORPUS","gs://trg-d-i0523dsollms-chatapp-corpus-files/C3ai/AI_C3ai_10-K_June-2023.pdf","CLOUD_STORAGE_CREDENTIALS",""
"a8382b88-be69-4f71-bac9-6482eb22d251","AI_C3ai_10-Q_December-2021.pdf","CORPUS","gs://trg-d-i0523dsollms-chatapp-corpus-files/C3ai/AI_C3ai_10-Q_December-2021.pdf","CLOUD_STORAGE_CREDENTIALS",""
"7316111b-43b4-431e-b40c-b1fdd731f9be","ZI_ZoominfoTechnologies_10-K_February-2022.pdf.pdf","CORPUS","gs://trg-d-i0523dsollms-chatapp-corpus-files/Zoominfo Technologies/ZI_ZoominfoTechnologies_10-K_February-2022.pdf.pdf","CLOUD_STORAGE_CREDENTIALS",""
"bce4944e-5f3d-419e-b65f-8dc74a2711c5","ZI_ZoominfoTechnologies_10-K_February-2023.pdf.pdf","CORPUS","gs://trg-d-i0523dsollms-chatapp-corpus-files/Zoominfo Technologies/ZI_ZoominfoTechnologies_10-K_February-2023.pdf.pdf","CLOUD_STORAGE_CREDENTIALS",""
"1744a9ef-2fcd-4e05-a2d0-15c9c993cd8a","ZI_ZoominfoTechnologies_10-Q_August-2020.pdf.pdf","CORPUS","gs://trg-d-i0523dsollms-chatapp-corpus-files/Zoominfo Technologies/ZI_ZoominfoTechnologies_10-Q_August-2020.pdf.pdf","CLOUD_STORAGE_CREDENTIALS",""
"24293d96-304f-477d-9db9-38a1d68daf4d","ZI_ZoominfoTechnologies_10-Q_August-2021.pdf.pdf","CORPUS","gs://trg-d-i0523dsollms-chatapp-corpus-files/Zoominfo Technologies/ZI_ZoominfoTechnologies_10-Q_August-2021.pdf.pdf","CLOUD_STORAGE_CREDENTIALS",""
"598afff4-be72-4234-abcf-6b16612de9ab","ZI_ZoominfoTechnologies_10-Q_August-2022.pdf.pdf","CORPUS","gs://trg-d-i0523dsollms-chatapp-corpus-files/Zoominfo Technologies/ZI_ZoominfoTechnologies_10-Q_August-2022.pdf.pdf","CLOUD_STORAGE_CREDENTIALS",""
"837d60c8-a355-49fa-8fee-d72f25bbab34","ZI_ZoominfoTechnologies_10-Q_July-2023.pdf.pdf","CORPUS","gs://trg-d-i0523dsollms-chatapp-corpus-files/Zoominfo Technologies/ZI_ZoominfoTechnologies_10-Q_July-2023.pdf.pdf","CLOUD_STORAGE_CREDENTIALS",""
"ee50568d-28a9-4d8b-92df-0e0b9d1e2d95","ZI_ZoominfoTechnologies_10-Q_May-2021.pdf.pdf","CORPUS","gs://trg-d-i0523dsollms-chatapp-corpus-files/Zoominfo Technologies/ZI_ZoominfoTechnologies_10-Q_May-2021.pdf.pdf","CLOUD_STORAGE_CREDENTIALS",""
"debf32bd-2ed5-45e6-826f-4e9e006ce8b8","ZI_ZoominfoTechnologies_10-Q_May-2022.pdf.pdf","CORPUS","gs://trg-d-i0523dsollms-chatapp-corpus-files/Zoominfo Technologies/ZI_ZoominfoTechnologies_10-Q_May-2022.pdf.pdf","CLOUD_STORAGE_CREDENTIALS",""
"971fc75d-b973-413b-a0dc-760663c0ea83","ZI_ZoominfoTechnologies_10-Q_May-2023.pdf.pdf","CORPUS","gs://trg-d-i0523dsollms-chatapp-corpus-files/Zoominfo Technologies/ZI_ZoominfoTechnologies_10-Q_May-2023.pdf.pdf","CLOUD_STORAGE_CREDENTIALS",""
"d835d5aa-e7b6-482f-b858-22875c67a00e","ZI_ZoominfoTechnologies_10-Q_November-2020.pdf.pdf","CORPUS","gs://trg-d-i0523dsollms-chatapp-corpus-files/Zoominfo Technologies/ZI_ZoominfoTechnologies_10-Q_November-2020.pdf.pdf","CLOUD_STORAGE_CREDENTIALS",""
"0039ec80-ab7e-4b9b-98c4-fe668a7b75f4","ZI_ZoominfoTechnologies_10-Q_November-2021.pdf.pdf","CORPUS","gs://trg-d-i0523dsollms-chatapp-corpus-files/Zoominfo Technologies/ZI_ZoominfoTechnologies_10-Q_November-2021.pdf.pdf","CLOUD_STORAGE_CREDENTIALS",""
"560086da-5ffb-48bb-998d-3084a099c9dc","ZI_ZoominfoTechnologies_10-Q_November-2022.pdf.pdf","CORPUS","gs://trg-d-i0523dsollms-chatapp-corpus-files/Zoominfo Technologies/ZI_ZoominfoTechnologies_10-Q_November-2022.pdf.pdf","CLOUD_STORAGE_CREDENTIALS",""
"faff1ea3-f214-455b-984c-267542345d9c","ZI_ZoominfoTechnologies_S-1_August-2020.pdf.pdf","CORPUS","gs://trg-d-i0523dsollms-chatapp-corpus-files/Zoominfo Technologies/ZI_ZoominfoTechnologies_S-1_August-2020.pdf.pdf","CLOUD_STORAGE_CREDENTIALS",""
"08479c1a-acd4-418e-a327-412b09cd09ab","ZI_ZoominfoTechnologies_S-1_November-2020.pdf.pdf","CORPUS","gs://trg-d-i0523dsollms-chatapp-corpus-files/Zoominfo Technologies/ZI_ZoominfoTechnologies_S-1_November-2020.pdf.pdf","CLOUD_STORAGE_CREDENTIALS",""
"da47a768-1868-429f-b8b0-e359a2c0a09e","NCNO_nCino_10-K_March-2022.pdf.pdf","CORPUS","gs://trg-d-i0523dsollms-chatapp-corpus-files/nCino/NCNO_nCino_10-K_March-2022.pdf.pdf","CLOUD_STORAGE_CREDENTIALS",""
"0ec7b12e-a76f-40de-860e-93d72c26f938","NCNO_nCino_10-K_March-2023.pdf.pdf","CORPUS","gs://trg-d-i0523dsollms-chatapp-corpus-files/nCino/NCNO_nCino_10-K_March-2023.pdf.pdf","CLOUD_STORAGE_CREDENTIALS",""
"d8d0e91a-5039-46c1-8207-1637c1e02858","NCNO_nCino_10-Q_August-2023.pdf.pdf","CORPUS","gs://trg-d-i0523dsollms-chatapp-corpus-files/nCino/NCNO_nCino_10-Q_August-2023.pdf.pdf","CLOUD_STORAGE_CREDENTIALS",""
"a72e2a13-c7b6-4985-9a53-1b8a79fc0f34","NCNO_nCino_10-Q_June-2022.pdf.pdf","CORPUS","gs://trg-d-i0523dsollms-chatapp-corpus-files/nCino/NCNO_nCino_10-Q_June-2022.pdf.pdf","CLOUD_STORAGE_CREDENTIALS",""
"3a44178c-22e8-4ce5-be92-9070dd215c27","NCNO_nCino_10-Q_May-2023.pdf.pdf","CORPUS","gs://trg-d-i0523dsollms-chatapp-corpus-files/nCino/NCNO_nCino_10-Q_May-2023.pdf.pdf","CLOUD_STORAGE_CREDENTIALS",""
"12bdc4eb-6de9-421d-af9e-05196403f7ed","NCNO_nCino_10-Q_November-2022.pdf.pdf","CORPUS","gs://trg-d-i0523dsollms-chatapp-corpus-files/nCino/NCNO_nCino_10-Q_November-2022.pdf.pdf","CLOUD_STORAGE_CREDENTIALS",""
"b784b4cb-cfd4-4e83-a1e2-41d96cabbe7f","NCNO_nCino_10-Q_September-2022.pdf.pdf","CORPUS","gs://trg-d-i0523dsollms-chatapp-corpus-files/nCino/NCNO_nCino_10-Q_September-2022.pdf.pdf","CLOUD_STORAGE_CREDENTIALS",""
"aad33d1e-83a1-4b50-b419-3f3794854588","NCNO_nCino_Earnings-Call-Transcript_Q1-2022.txt","CORPUS","gs://trg-d-i0523dsollms-chatapp-corpus-files/nCino/NCNO_nCino_Earnings-Call-Transcript_Q1-2022.txt","CLOUD_STORAGE_CREDENTIALS",""
